2019-May-1-Wed-00,0
2019-May-1-Wed-01,0
2019-May-1-Wed-02,0
2019-May-1-Wed-03,0
2019-May-1-Wed-04,0
2019-May-1-Wed-05,0
2019-May-1-Wed-06,0
2019-May-1-Wed-07,0
2019-May-1-Wed-08,0
2019-May-1-Wed-09,0
2019-May-1-Wed-10,0
2019-May-1-Wed-11,0
2019-May-1-Wed-12,0
2019-May-1-Wed-13,0
2019-May-1-Wed-14,0
2019-May-1-Wed-15,0
2019-May-1-Wed-16,0
2019-May-1-Wed-17,0
2019-May-1-Wed-18,0
2019-May-1-Wed-19,0
2019-May-1-Wed-20,0
2019-May-1-Wed-21,0
2019-May-1-Wed-22,0
2019-May-1-Wed-23,0
2019-May-1-Wed-24,0
2019-May-2-Thu-00,0
2019-May-2-Thu-01,0
2019-May-2-Thu-02,0
2019-May-2-Thu-03,0
2019-May-2-Thu-04,0
2019-May-2-Thu-05,0
2019-May-2-Thu-06,0
2019-May-2-Thu-07,0
2019-May-2-Thu-08,0
2019-May-2-Thu-09,0
2019-May-2-Thu-10,0
2019-May-2-Thu-11,0
2019-May-2-Thu-12,0
2019-May-2-Thu-13,0
2019-May-2-Thu-14,0
2019-May-2-Thu-15,0
2019-May-2-Thu-16,0
2019-May-2-Thu-17,0
2019-May-2-Thu-18,0
2019-May-2-Thu-19,0
2019-May-2-Thu-20,0
2019-May-2-Thu-21,0
2019-May-2-Thu-22,0
2019-May-2-Thu-23,0
2019-May-2-Thu-24,0
2019-May-3-Fri-00,0
2019-May-3-Fri-01,0
2019-May-3-Fri-02,0
2019-May-3-Fri-03,0
2019-May-3-Fri-04,0
2019-May-3-Fri-05,0
2019-May-3-Fri-06,0
2019-May-3-Fri-07,0
2019-May-3-Fri-08,0
2019-May-3-Fri-09,0
2019-May-3-Fri-10,0
2019-May-3-Fri-11,0
2019-May-3-Fri-12,0
2019-May-3-Fri-13,0
2019-May-3-Fri-14,0
2019-May-3-Fri-15,0
2019-May-3-Fri-16,0
2019-May-3-Fri-17,0
2019-May-3-Fri-18,0
2019-May-3-Fri-19,0
2019-May-3-Fri-20,0
2019-May-3-Fri-21,0
2019-May-3-Fri-22,0
2019-May-3-Fri-23,0
2019-May-3-Fri-24,0
2019-May-4-Sat-00,0
2019-May-4-Sat-01,0
2019-May-4-Sat-02,0
2019-May-4-Sat-03,0
2019-May-4-Sat-04,0
2019-May-4-Sat-05,0
2019-May-4-Sat-06,0
2019-May-4-Sat-07,0
2019-May-4-Sat-08,0
2019-May-4-Sat-09,0
2019-May-4-Sat-10,0
2019-May-4-Sat-11,0
2019-May-4-Sat-12,0
2019-May-4-Sat-13,0
2019-May-4-Sat-14,0
2019-May-4-Sat-15,0
2019-May-4-Sat-16,0
2019-May-4-Sat-17,0
2019-May-4-Sat-18,0
2019-May-4-Sat-19,0
2019-May-4-Sat-20,0
2019-May-4-Sat-21,0
2019-May-4-Sat-22,0
2019-May-4-Sat-23,0
2019-May-4-Sat-24,0
2019-May-5-Sun-00,0
2019-May-5-Sun-01,0
2019-May-5-Sun-02,0
2019-May-5-Sun-03,0
2019-May-5-Sun-04,0
2019-May-5-Sun-05,0
2019-May-5-Sun-06,0
2019-May-5-Sun-07,0
2019-May-5-Sun-08,0
2019-May-5-Sun-09,0
2019-May-5-Sun-10,0
2019-May-5-Sun-11,0
2019-May-5-Sun-12,0
2019-May-5-Sun-13,0
2019-May-5-Sun-14,0
2019-May-5-Sun-15,0
2019-May-5-Sun-16,0
2019-May-5-Sun-17,0
2019-May-5-Sun-18,0
2019-May-5-Sun-19,0
2019-May-5-Sun-20,0
2019-May-5-Sun-21,0
2019-May-5-Sun-22,0
2019-May-5-Sun-23,0
2019-May-5-Sun-24,0
2019-May-6-Mon-00,0
2019-May-6-Mon-01,0
2019-May-6-Mon-02,0
2019-May-6-Mon-03,0
2019-May-6-Mon-04,0
2019-May-6-Mon-05,0
2019-May-6-Mon-06,0
2019-May-6-Mon-07,0
2019-May-6-Mon-08,0
2019-May-6-Mon-09,0
2019-May-6-Mon-10,0
2019-May-6-Mon-11,0
2019-May-6-Mon-12,0
2019-May-6-Mon-13,0
2019-May-6-Mon-14,0
2019-May-6-Mon-15,0
2019-May-6-Mon-16,0
2019-May-6-Mon-17,0
2019-May-6-Mon-18,0
2019-May-6-Mon-19,0
2019-May-6-Mon-20,0
2019-May-6-Mon-21,0
2019-May-6-Mon-22,0
2019-May-6-Mon-23,0
2019-May-6-Mon-24,0
2019-May-7-Tue-00,0
2019-May-7-Tue-01,0
2019-May-7-Tue-02,0
2019-May-7-Tue-03,0
2019-May-7-Tue-04,0
2019-May-7-Tue-05,0
2019-May-7-Tue-06,0
2019-May-7-Tue-07,0
2019-May-7-Tue-08,0
2019-May-7-Tue-09,0
2019-May-7-Tue-10,0
2019-May-7-Tue-11,0
2019-May-7-Tue-12,0
2019-May-7-Tue-13,0
2019-May-7-Tue-14,0
2019-May-7-Tue-15,0
2019-May-7-Tue-16,0
2019-May-7-Tue-17,0
2019-May-7-Tue-18,0
2019-May-7-Tue-19,0
2019-May-7-Tue-20,0
2019-May-7-Tue-21,0
2019-May-7-Tue-22,0
2019-May-7-Tue-23,0
2019-May-7-Tue-24,0
2019-May-8-Wed-00,0
2019-May-8-Wed-01,0
2019-May-8-Wed-02,0
2019-May-8-Wed-03,0
2019-May-8-Wed-04,0
2019-May-8-Wed-05,0
2019-May-8-Wed-06,0
2019-May-8-Wed-07,0
2019-May-8-Wed-08,0
2019-May-8-Wed-09,0
2019-May-8-Wed-10,0
2019-May-8-Wed-11,0
2019-May-8-Wed-12,0
2019-May-8-Wed-13,0
2019-May-8-Wed-14,0
2019-May-8-Wed-15,0
2019-May-8-Wed-16,0
2019-May-8-Wed-17,0
2019-May-8-Wed-18,0
2019-May-8-Wed-19,0
2019-May-8-Wed-20,0
2019-May-8-Wed-21,0
2019-May-8-Wed-22,0
2019-May-8-Wed-23,0
2019-May-8-Wed-24,0
2019-May-9-Thu-00,0
2019-May-9-Thu-01,0
2019-May-9-Thu-02,0
2019-May-9-Thu-03,0
2019-May-9-Thu-04,0
2019-May-9-Thu-05,0
2019-May-9-Thu-06,0
2019-May-9-Thu-07,0
2019-May-9-Thu-08,0
2019-May-9-Thu-09,0
2019-May-9-Thu-10,0
2019-May-9-Thu-11,0
2019-May-9-Thu-12,0
2019-May-9-Thu-13,0
2019-May-9-Thu-14,0
2019-May-9-Thu-15,0
2019-May-9-Thu-16,0
2019-May-9-Thu-17,0
2019-May-9-Thu-18,0
2019-May-9-Thu-19,0
2019-May-9-Thu-20,0
2019-May-9-Thu-21,0
2019-May-9-Thu-22,0
2019-May-9-Thu-23,0
2019-May-9-Thu-24,0
2019-May-10-Fri-00,0
2019-May-10-Fri-01,0
2019-May-10-Fri-02,0
2019-May-10-Fri-03,0
2019-May-10-Fri-04,0
2019-May-10-Fri-05,0
2019-May-10-Fri-06,0
2019-May-10-Fri-07,0
2019-May-10-Fri-08,0
2019-May-10-Fri-09,0
2019-May-10-Fri-10,0
2019-May-10-Fri-11,0
2019-May-10-Fri-12,0
2019-May-10-Fri-13,0
2019-May-10-Fri-14,0
2019-May-10-Fri-15,0
2019-May-10-Fri-16,0
2019-May-10-Fri-17,0
2019-May-10-Fri-18,0
2019-May-10-Fri-19,0
2019-May-10-Fri-20,0
2019-May-10-Fri-21,0
2019-May-10-Fri-22,0
2019-May-10-Fri-23,0
2019-May-10-Fri-24,0
2019-May-11-Sat-00,0
2019-May-11-Sat-01,0
2019-May-11-Sat-02,0
2019-May-11-Sat-03,0
2019-May-11-Sat-04,0
2019-May-11-Sat-05,0
2019-May-11-Sat-06,0
2019-May-11-Sat-07,0
2019-May-11-Sat-08,0
2019-May-11-Sat-09,0
2019-May-11-Sat-10,0
2019-May-11-Sat-11,0
2019-May-11-Sat-12,0
2019-May-11-Sat-13,0
2019-May-11-Sat-14,0
2019-May-11-Sat-15,0
2019-May-11-Sat-16,0
2019-May-11-Sat-17,0
2019-May-11-Sat-18,0
2019-May-11-Sat-19,0
2019-May-11-Sat-20,0
2019-May-11-Sat-21,0
2019-May-11-Sat-22,0
2019-May-11-Sat-23,0
2019-May-11-Sat-24,0
2019-May-12-Sun-00,0
2019-May-12-Sun-01,0
2019-May-12-Sun-02,0
2019-May-12-Sun-03,0
2019-May-12-Sun-04,0
2019-May-12-Sun-05,0
2019-May-12-Sun-06,0
2019-May-12-Sun-07,0
2019-May-12-Sun-08,0
2019-May-12-Sun-09,0
2019-May-12-Sun-10,0
2019-May-12-Sun-11,0
2019-May-12-Sun-12,0
2019-May-12-Sun-13,0
2019-May-12-Sun-14,0
2019-May-12-Sun-15,0
2019-May-12-Sun-16,0
2019-May-12-Sun-17,0
2019-May-12-Sun-18,0
2019-May-12-Sun-19,0
2019-May-12-Sun-20,0
2019-May-12-Sun-21,0
2019-May-12-Sun-22,0
2019-May-12-Sun-23,0
2019-May-12-Sun-24,0
2019-May-13-Mon-00,0
2019-May-13-Mon-01,0
2019-May-13-Mon-02,0
2019-May-13-Mon-03,0
2019-May-13-Mon-04,0
2019-May-13-Mon-05,0
2019-May-13-Mon-06,0
2019-May-13-Mon-07,0
2019-May-13-Mon-08,0
2019-May-13-Mon-09,0
2019-May-13-Mon-10,0
2019-May-13-Mon-11,0
2019-May-13-Mon-12,0
2019-May-13-Mon-13,0
2019-May-13-Mon-14,0
2019-May-13-Mon-15,0
2019-May-13-Mon-16,0
2019-May-13-Mon-17,0
2019-May-13-Mon-18,0
2019-May-13-Mon-19,0
2019-May-13-Mon-20,0
2019-May-13-Mon-21,0
2019-May-13-Mon-22,0
2019-May-13-Mon-23,0
2019-May-13-Mon-24,0
2019-May-14-Tue-00,0
2019-May-14-Tue-01,0
2019-May-14-Tue-02,0
2019-May-14-Tue-03,0
2019-May-14-Tue-04,0
2019-May-14-Tue-05,0
2019-May-14-Tue-06,0
2019-May-14-Tue-07,0
2019-May-14-Tue-08,0
2019-May-14-Tue-09,0
2019-May-14-Tue-10,0
2019-May-14-Tue-11,0
2019-May-14-Tue-12,0
2019-May-14-Tue-13,0
2019-May-14-Tue-14,0
2019-May-14-Tue-15,0
2019-May-14-Tue-16,0
2019-May-14-Tue-17,0
2019-May-14-Tue-18,0
2019-May-14-Tue-19,0
2019-May-14-Tue-20,0
2019-May-14-Tue-21,0
2019-May-14-Tue-22,0
2019-May-14-Tue-23,0
2019-May-14-Tue-24,0
2019-May-15-Wed-00,0
2019-May-15-Wed-01,0
2019-May-15-Wed-02,0
2019-May-15-Wed-03,0
2019-May-15-Wed-04,0
2019-May-15-Wed-05,0
2019-May-15-Wed-06,0
2019-May-15-Wed-07,3
2019-May-15-Wed-08,0
2019-May-15-Wed-09,0
2019-May-15-Wed-10,0
2019-May-15-Wed-11,0
2019-May-15-Wed-12,0
2019-May-15-Wed-13,0
2019-May-15-Wed-14,2
2019-May-15-Wed-15,2
2019-May-15-Wed-16,1
2019-May-15-Wed-17,0
2019-May-15-Wed-18,0
2019-May-15-Wed-19,1
2019-May-15-Wed-20,0
2019-May-15-Wed-21,0
2019-May-15-Wed-22,0
2019-May-15-Wed-23,0
2019-May-15-Wed-24,0
2019-May-16-Thu-00,0
2019-May-16-Thu-01,0
2019-May-16-Thu-02,0
2019-May-16-Thu-03,0
2019-May-16-Thu-04,0
2019-May-16-Thu-05,1
2019-May-16-Thu-06,3
2019-May-16-Thu-07,3
2019-May-16-Thu-08,3
2019-May-16-Thu-09,0
2019-May-16-Thu-10,0
2019-May-16-Thu-11,1
2019-May-16-Thu-12,2
2019-May-16-Thu-13,0
2019-May-16-Thu-14,0
2019-May-16-Thu-15,1
2019-May-16-Thu-16,0
2019-May-16-Thu-17,2
2019-May-16-Thu-18,0
2019-May-16-Thu-19,0
2019-May-16-Thu-20,0
2019-May-16-Thu-21,1
2019-May-16-Thu-22,0
2019-May-16-Thu-23,0
2019-May-16-Thu-24,0
2019-May-17-Fri-00,0
2019-May-17-Fri-01,0
2019-May-17-Fri-02,0
2019-May-17-Fri-03,0
2019-May-17-Fri-04,0
2019-May-17-Fri-05,1
2019-May-17-Fri-06,2
2019-May-17-Fri-07,0
2019-May-17-Fri-08,0
2019-May-17-Fri-09,0
2019-May-17-Fri-10,0
2019-May-17-Fri-11,2
2019-May-17-Fri-12,0
2019-May-17-Fri-13,1
2019-May-17-Fri-14,1
2019-May-17-Fri-15,0
2019-May-17-Fri-16,0
2019-May-17-Fri-17,0
2019-May-17-Fri-18,1
2019-May-17-Fri-19,0
2019-May-17-Fri-20,0
2019-May-17-Fri-21,0
2019-May-17-Fri-22,0
2019-May-17-Fri-23,0
2019-May-17-Fri-24,0
2019-May-18-Sat-00,0
2019-May-18-Sat-01,0
2019-May-18-Sat-02,1
2019-May-18-Sat-03,0
2019-May-18-Sat-04,0
2019-May-18-Sat-05,0
2019-May-18-Sat-06,1
2019-May-18-Sat-07,3
2019-May-18-Sat-08,2
2019-May-18-Sat-09,3
2019-May-18-Sat-10,2
2019-May-18-Sat-11,2
2019-May-18-Sat-12,2
2019-May-18-Sat-13,0
2019-May-18-Sat-14,1
2019-May-18-Sat-15,0
2019-May-18-Sat-16,1
2019-May-18-Sat-17,2
2019-May-18-Sat-18,1
2019-May-18-Sat-19,2
2019-May-18-Sat-20,1
2019-May-18-Sat-21,0
2019-May-18-Sat-22,0
2019-May-18-Sat-23,0
2019-May-18-Sat-24,0
2019-May-19-Sun-00,0
2019-May-19-Sun-01,0
2019-May-19-Sun-02,0
2019-May-19-Sun-03,0
2019-May-19-Sun-04,0
2019-May-19-Sun-05,0
2019-May-19-Sun-06,1
2019-May-19-Sun-07,0
2019-May-19-Sun-08,0
2019-May-19-Sun-09,0
2019-May-19-Sun-10,0
2019-May-19-Sun-11,1
2019-May-19-Sun-12,1
2019-May-19-Sun-13,0
2019-May-19-Sun-14,2
2019-May-19-Sun-15,1
2019-May-19-Sun-16,1
2019-May-19-Sun-17,1
2019-May-19-Sun-18,1
2019-May-19-Sun-19,4
2019-May-19-Sun-20,0
2019-May-19-Sun-21,1
2019-May-19-Sun-22,0
2019-May-19-Sun-23,0
2019-May-19-Sun-24,0
2019-May-20-Mon-00,0
2019-May-20-Mon-01,0
2019-May-20-Mon-02,0
2019-May-20-Mon-03,0
2019-May-20-Mon-04,2
2019-May-20-Mon-05,1
2019-May-20-Mon-06,1
2019-May-20-Mon-07,1
2019-May-20-Mon-08,2
2019-May-20-Mon-09,1
2019-May-20-Mon-10,1
2019-May-20-Mon-11,0
2019-May-20-Mon-12,5
2019-May-20-Mon-13,5
2019-May-20-Mon-14,1
2019-May-20-Mon-15,2
2019-May-20-Mon-16,1
2019-May-20-Mon-17,2
2019-May-20-Mon-18,0
2019-May-20-Mon-19,1
2019-May-20-Mon-20,2
2019-May-20-Mon-21,2
2019-May-20-Mon-22,0
2019-May-20-Mon-23,0
2019-May-20-Mon-24,0
2019-May-21-Tue-00,0
2019-May-21-Tue-01,0
2019-May-21-Tue-02,0
2019-May-21-Tue-03,0
2019-May-21-Tue-04,0
2019-May-21-Tue-05,0
2019-May-21-Tue-06,1
2019-May-21-Tue-07,0
2019-May-21-Tue-08,1
2019-May-21-Tue-09,1
2019-May-21-Tue-10,0
2019-May-21-Tue-11,1
2019-May-21-Tue-12,0
2019-May-21-Tue-13,1
2019-May-21-Tue-14,0
2019-May-21-Tue-15,0
2019-May-21-Tue-16,0
2019-May-21-Tue-17,4
2019-May-21-Tue-18,3
2019-May-21-Tue-19,1
2019-May-21-Tue-20,1
2019-May-21-Tue-21,2
2019-May-21-Tue-22,0
2019-May-21-Tue-23,0
2019-May-21-Tue-24,0
2019-May-22-Wed-00,0
2019-May-22-Wed-01,1
2019-May-22-Wed-02,1
2019-May-22-Wed-03,1
2019-May-22-Wed-04,1
2019-May-22-Wed-05,1
2019-May-22-Wed-06,7
2019-May-22-Wed-07,6
2019-May-22-Wed-08,4
2019-May-22-Wed-09,3
2019-May-22-Wed-10,7
2019-May-22-Wed-11,3
2019-May-22-Wed-12,8
2019-May-22-Wed-13,5
2019-May-22-Wed-14,7
2019-May-22-Wed-15,4
2019-May-22-Wed-16,2
2019-May-22-Wed-17,7
2019-May-22-Wed-18,5
2019-May-22-Wed-19,6
2019-May-22-Wed-20,7
2019-May-22-Wed-21,16
2019-May-22-Wed-22,46
2019-May-22-Wed-23,0
2019-May-22-Wed-24,0
2019-May-23-Thu-00,0
2019-May-23-Thu-01,3
2019-May-23-Thu-02,5
2019-May-23-Thu-03,7
2019-May-23-Thu-04,4
2019-May-23-Thu-05,12
2019-May-23-Thu-06,22
2019-May-23-Thu-07,16
2019-May-23-Thu-08,13
2019-May-23-Thu-09,36
2019-May-23-Thu-10,22
2019-May-23-Thu-11,5
2019-May-23-Thu-12,7
2019-May-23-Thu-13,2
2019-May-23-Thu-14,5
2019-May-23-Thu-15,4
2019-May-23-Thu-16,8
2019-May-23-Thu-17,1
2019-May-23-Thu-18,4
2019-May-23-Thu-19,2
2019-May-23-Thu-20,3
2019-May-23-Thu-21,2
2019-May-23-Thu-22,0
2019-May-23-Thu-23,1
2019-May-23-Thu-24,0
2019-May-24-Fri-00,0
2019-May-24-Fri-01,0
2019-May-24-Fri-02,1
2019-May-24-Fri-03,0
2019-May-24-Fri-04,0
2019-May-24-Fri-05,0
2019-May-24-Fri-06,0
2019-May-24-Fri-07,0
2019-May-24-Fri-08,0
2019-May-24-Fri-09,0
2019-May-24-Fri-10,1
2019-May-24-Fri-11,1
2019-May-24-Fri-12,2
2019-May-24-Fri-13,1
2019-May-24-Fri-14,27
2019-May-24-Fri-15,37
2019-May-24-Fri-16,2
2019-May-24-Fri-17,2
2019-May-24-Fri-18,27
2019-May-24-Fri-19,29
2019-May-24-Fri-20,13
2019-May-24-Fri-21,15
2019-May-24-Fri-22,6
2019-May-24-Fri-23,28
2019-May-24-Fri-24,0
2019-May-25-Sat-00,1
2019-May-25-Sat-01,28
2019-May-25-Sat-02,0
2019-May-25-Sat-03,1
2019-May-25-Sat-04,0
2019-May-25-Sat-05,35
2019-May-25-Sat-06,26
2019-May-25-Sat-07,21
2019-May-25-Sat-08,14
2019-May-25-Sat-09,48
2019-May-25-Sat-10,22
2019-May-25-Sat-11,6
2019-May-25-Sat-12,12
2019-May-25-Sat-13,15
2019-May-25-Sat-14,12
2019-May-25-Sat-15,14
2019-May-25-Sat-16,12
2019-May-25-Sat-17,9
2019-May-25-Sat-18,11
2019-May-25-Sat-19,13
2019-May-25-Sat-20,41
2019-May-25-Sat-21,15
2019-May-25-Sat-22,7
2019-May-25-Sat-23,15
2019-May-25-Sat-24,0
2019-May-26-Sun-00,28
2019-May-26-Sun-01,31
2019-May-26-Sun-02,0
2019-May-26-Sun-03,18
2019-May-26-Sun-04,11
2019-May-26-Sun-05,4
2019-May-26-Sun-06,40
2019-May-26-Sun-07,14
2019-May-26-Sun-08,49
2019-May-26-Sun-09,15
2019-May-26-Sun-10,32
2019-May-26-Sun-11,48
2019-May-26-Sun-12,35
2019-May-26-Sun-13,22
2019-May-26-Sun-14,23
2019-May-26-Sun-15,43
2019-May-26-Sun-16,68
2019-May-26-Sun-17,47
2019-May-26-Sun-18,57
2019-May-26-Sun-19,36
2019-May-26-Sun-20,41
2019-May-26-Sun-21,52
2019-May-26-Sun-22,45
2019-May-26-Sun-23,36
2019-May-26-Sun-24,0
2019-May-27-Mon-00,14
2019-May-27-Mon-01,36
2019-May-27-Mon-02,10
2019-May-27-Mon-03,21
2019-May-27-Mon-04,5
2019-May-27-Mon-05,43
2019-May-27-Mon-06,52
2019-May-27-Mon-07,34
2019-May-27-Mon-08,23
2019-May-27-Mon-09,9
2019-May-27-Mon-10,13
2019-May-27-Mon-11,40
2019-May-27-Mon-12,0
2019-May-27-Mon-13,0
2019-May-27-Mon-14,0
2019-May-27-Mon-15,0
2019-May-27-Mon-16,0
2019-May-27-Mon-17,0
2019-May-27-Mon-18,0
2019-May-27-Mon-19,0
2019-May-27-Mon-20,0
2019-May-27-Mon-21,0
2019-May-27-Mon-22,0
2019-May-27-Mon-23,0
2019-May-27-Mon-24,0
2019-May-28-Tue-00,0
2019-May-28-Tue-01,0
2019-May-28-Tue-02,0
2019-May-28-Tue-03,0
2019-May-28-Tue-04,0
2019-May-28-Tue-05,0
2019-May-28-Tue-06,0
2019-May-28-Tue-07,0
2019-May-28-Tue-08,0
2019-May-28-Tue-09,0
2019-May-28-Tue-10,0
2019-May-28-Tue-11,0
2019-May-28-Tue-12,0
2019-May-28-Tue-13,0
2019-May-28-Tue-14,0
2019-May-28-Tue-15,0
2019-May-28-Tue-16,0
2019-May-28-Tue-17,0
2019-May-28-Tue-18,0
2019-May-28-Tue-19,0
2019-May-28-Tue-20,0
2019-May-28-Tue-21,0
2019-May-28-Tue-22,0
2019-May-28-Tue-23,0
2019-May-28-Tue-24,0
2019-May-29-Wed-00,0
2019-May-29-Wed-01,0
2019-May-29-Wed-02,0
2019-May-29-Wed-03,0
2019-May-29-Wed-04,0
2019-May-29-Wed-05,0
2019-May-29-Wed-06,0
2019-May-29-Wed-07,0
2019-May-29-Wed-08,0
2019-May-29-Wed-09,0
2019-May-29-Wed-10,0
2019-May-29-Wed-11,0
2019-May-29-Wed-12,0
2019-May-29-Wed-13,0
2019-May-29-Wed-14,0
2019-May-29-Wed-15,0
2019-May-29-Wed-16,0
2019-May-29-Wed-17,0
2019-May-29-Wed-18,0
2019-May-29-Wed-19,0
2019-May-29-Wed-20,0
2019-May-29-Wed-21,0
2019-May-29-Wed-22,0
2019-May-29-Wed-23,0
2019-May-29-Wed-24,0
2019-May-30-Thu-00,0
2019-May-30-Thu-01,0
2019-May-30-Thu-02,0
2019-May-30-Thu-03,0
2019-May-30-Thu-04,0
2019-May-30-Thu-05,0
2019-May-30-Thu-06,0
2019-May-30-Thu-07,0
2019-May-30-Thu-08,0
2019-May-30-Thu-09,0
2019-May-30-Thu-10,0
2019-May-30-Thu-11,0
2019-May-30-Thu-12,0
2019-May-30-Thu-13,0
2019-May-30-Thu-14,0
2019-May-30-Thu-15,0
2019-May-30-Thu-16,0
2019-May-30-Thu-17,0
2019-May-30-Thu-18,0
2019-May-30-Thu-19,0
2019-May-30-Thu-20,0
2019-May-30-Thu-21,0
2019-May-30-Thu-22,0
2019-May-30-Thu-23,0
2019-May-30-Thu-24,0
2019-May-31-Fri-00,0
2019-May-31-Fri-01,0
2019-May-31-Fri-02,0
2019-May-31-Fri-03,0
2019-May-31-Fri-04,0
2019-May-31-Fri-05,0
2019-May-31-Fri-06,0
2019-May-31-Fri-07,0
2019-May-31-Fri-08,0
2019-May-31-Fri-09,0
2019-May-31-Fri-10,0
2019-May-31-Fri-11,0
2019-May-31-Fri-12,0
2019-May-31-Fri-13,0
2019-May-31-Fri-14,0
2019-May-31-Fri-15,0
2019-May-31-Fri-16,0
2019-May-31-Fri-17,0
2019-May-31-Fri-18,0
2019-May-31-Fri-19,0
2019-May-31-Fri-20,0
2019-May-31-Fri-21,0
2019-May-31-Fri-22,0
2019-May-31-Fri-23,0
2019-May-31-Fri-24,0
